City_ID,City,Lat,Lng,Max Temp,Humidity,Cloudiness,Wind Speed,Country,Date
0,Ushuaia,-54.8,-68.3,46.06,46,40,16.11,AR,2021-09-23 23:53:45
1,Hermanus,-34.4187,19.2345,55.9,90,75,9.69,ZA,2021-09-23 23:53:45
2,Mahebourg,-20.4081,57.7,73.26,83,75,11.5,MU,2021-09-23 23:53:45
3,Barrow,71.2906,-156.7887,28.94,77,100,5.37,US,2021-09-23 23:53:23
4,Vaini,-21.2,-175.2,80.76,78,40,10.36,TO,2021-09-23 23:53:46
5,Butaritari,3.0707,172.7902,82.85,75,5,16.08,KI,2021-09-23 23:53:46
6,Mataura,-46.1927,168.8643,48.47,52,55,9.82,NZ,2021-09-23 23:53:47
7,Bubaque,11.2833,-15.8333,81.93,77,100,6.64,GW,2021-09-23 23:53:47
8,Lompoc,34.6391,-120.4579,85.01,78,20,13.8,US,2021-09-23 23:53:47
9,San Patricio,28.017,-97.5169,84.18,37,6,12.37,US,2021-09-23 23:53:48
10,Muzhi,65.3667,64.6667,34.86,82,68,2.86,RU,2021-09-23 23:53:48
11,Saskylakh,71.9167,114.0833,33.58,98,100,10.4,RU,2021-09-23 23:53:48
12,Marsh Harbour,26.5412,-77.0636,83.57,66,30,1.45,BS,2021-09-23 23:53:49
13,Nurobod,40.9056,69.8023,54.45,21,0,4.79,UZ,2021-09-23 23:53:49
14,Cape Town,-33.9258,18.4232,57.61,89,75,1.01,ZA,2021-09-23 23:51:32
15,Bonavista,48.6499,-53.1147,57.11,89,57,14.74,CA,2021-09-23 23:53:49
16,Kapaa,22.0752,-159.319,84.18,71,46,5.01,US,2021-09-23 23:53:50
17,Rikitea,-23.1203,-134.9692,73.94,77,96,24.02,PF,2021-09-23 23:53:28
18,Atuona,-9.8,-139.0333,77.59,78,9,18.68,PF,2021-09-23 23:50:55
19,Naryan-Mar,67.6713,53.087,38.32,90,100,8.12,RU,2021-09-23 23:53:50
20,Inhambane,-23.865,35.3833,64.94,82,0,4.34,MZ,2021-09-23 23:53:50
21,Kodiak,57.79,-152.4072,45.91,71,90,14.97,US,2021-09-23 23:49:57
22,East London,-33.0153,27.9116,65.35,50,41,16.15,ZA,2021-09-23 23:53:51
23,Tuktoyaktuk,69.4541,-133.0374,33.8,80,75,3.44,CA,2021-09-23 23:53:51
24,Saint George,37.1041,-113.5841,93.67,12,1,3.0,US,2021-09-23 23:53:51
25,Puerto Ayora,-0.7393,-90.3518,69.04,86,64,9.64,EC,2021-09-23 23:53:52
26,Tsabong,-26.0217,22.401,66.13,31,0,13.98,BW,2021-09-23 23:53:53
27,Sola,-13.8833,167.55,84.87,79,75,5.75,VU,2021-09-23 23:53:53
28,Lebu,-37.6167,-73.65,51.15,83,2,11.99,CL,2021-09-23 23:53:53
29,Eyl,7.9803,49.8164,77.41,80,41,17.25,SO,2021-09-23 23:53:54
30,Jamestown,42.097,-79.2353,55.08,78,90,4.0,US,2021-09-23 23:53:54
31,Trinidad,-14.8333,-64.9,84.18,70,47,0.0,BO,2021-09-23 23:53:54
32,Nikolskoye,59.7035,30.7861,46.29,86,99,11.25,RU,2021-09-23 23:53:55
33,Te Anau,-45.4167,167.7167,48.52,73,34,9.51,NZ,2021-09-23 23:53:55
34,Muros,42.7762,-9.0603,68.23,77,36,11.39,ES,2021-09-23 23:53:55
35,Punta Arenas,-53.15,-70.9167,46.51,66,75,6.91,CL,2021-09-23 23:53:56
36,Komyshnya,50.1859,33.684,43.99,89,99,7.47,UA,2021-09-23 23:53:56
37,Changli,39.7042,119.1506,63.72,94,100,7.07,CN,2021-09-23 23:53:57
38,Busselton,-33.65,115.3333,51.08,68,0,12.3,AU,2021-09-23 23:53:57
39,Jiwani,25.05,61.7417,80.1,85,55,7.25,PK,2021-09-23 23:53:58
40,Ulladulla,-35.35,150.4667,70.77,41,6,9.51,AU,2021-09-23 23:53:58
41,Srandakan,-7.9386,110.2506,77.72,88,100,3.78,ID,2021-09-23 23:53:58
42,Georgetown,5.4112,100.3354,79.9,91,20,2.3,MY,2021-09-23 23:53:59
43,Linxia,35.6003,103.2064,56.34,93,99,8.08,CN,2021-09-23 23:53:59
44,Kruisfontein,-34.0033,24.7314,54.88,77,72,10.85,ZA,2021-09-23 23:53:59
45,Fort Nelson,58.8053,-122.7002,54.99,30,75,8.05,CA,2021-09-23 23:54:00
46,Bhatkal,13.9667,74.5667,76.77,91,100,2.44,IN,2021-09-23 23:54:00
47,Anadyr,64.75,177.4833,30.7,100,90,15.66,RU,2021-09-23 23:54:01
48,Upernavik,72.7868,-56.1549,28.35,94,100,13.13,GL,2021-09-23 23:54:01
49,Saint-Pierre,-21.3393,55.4781,67.64,68,0,6.91,RE,2021-09-23 23:54:01
50,Bluff,-46.6,168.3333,48.79,69,80,26.69,NZ,2021-09-23 23:54:02
51,Rawson,-43.3002,-65.1023,62.35,39,41,18.61,AR,2021-09-23 23:50:52
52,Hobart,-42.8794,147.3294,55.11,54,20,19.57,AU,2021-09-23 23:53:30
53,Bowen,-20.0167,148.2333,73.62,60,88,11.59,AU,2021-09-23 23:54:02
54,Narsaq,60.9167,-46.05,33.31,61,0,1.9,GL,2021-09-23 23:54:03
55,Arraial Do Cabo,-22.9661,-42.0278,67.96,64,75,6.91,BR,2021-09-23 23:54:03
56,Trelew,-43.249,-65.3051,64.22,32,44,18.23,AR,2021-09-23 23:50:34
57,Yerbogachen,61.2767,108.0108,38.16,93,100,2.37,RU,2021-09-23 23:54:03
58,Kavieng,-2.5744,150.7967,84.38,68,100,11.56,PG,2021-09-23 23:54:04
59,Menongue,-14.6585,17.691,64.36,25,22,4.63,AO,2021-09-23 23:54:05
60,Kutum,14.2,24.6667,79.03,22,23,7.11,SD,2021-09-23 23:54:05
61,Khatanga,71.9667,102.5,33.01,95,100,5.59,RU,2021-09-23 23:54:06
62,Turukhansk,65.8167,87.9833,26.53,90,26,10.83,RU,2021-09-23 23:54:06
63,Constantine,36.365,6.6147,76.41,50,75,9.22,DZ,2021-09-23 23:54:06
64,Krasnoselkup,65.7,82.4667,33.91,85,98,10.89,RU,2021-09-23 23:54:07
65,Bredasdorp,-34.5322,20.0403,52.92,82,63,4.61,ZA,2021-09-23 23:54:07
66,Hithadhoo,-0.6,73.0833,80.19,82,100,15.52,MV,2021-09-23 23:54:07
67,Cidreira,-30.1811,-50.2056,60.98,94,100,14.7,BR,2021-09-23 23:54:08
68,Marsa Matruh,31.3525,27.2453,75.4,69,40,16.11,EG,2021-09-23 23:54:08
69,Iralaya,15.0,-83.2333,84.29,81,15,9.06,HN,2021-09-23 23:54:08
70,Albany,42.6001,-73.9662,73.98,88,100,14.23,US,2021-09-23 23:51:39
71,Binga,-17.6203,27.3414,69.08,58,3,3.91,ZW,2021-09-23 23:54:09
72,Necochea,-38.5473,-58.7368,53.04,94,32,8.32,AR,2021-09-23 23:54:09
73,Kushiro,42.975,144.3747,56.35,94,75,8.05,JP,2021-09-23 23:51:37
74,Savannah Bight,16.45,-85.85,86.05,73,19,8.34,HN,2021-09-23 23:54:10
75,Saryozek,44.3583,77.9753,46.76,32,35,4.05,KZ,2021-09-23 23:54:10
76,Birobidzhan,48.8,132.95,55.24,53,4,2.59,RU,2021-09-23 23:54:10
77,Guerrero Negro,27.9769,-114.0611,79.66,63,2,15.93,MX,2021-09-23 23:54:10
78,Mitsamiouli,-11.3847,43.2844,75.67,79,0,6.87,KM,2021-09-23 23:54:11
79,Pechenga,69.5259,31.1703,41.86,78,52,16.37,RU,2021-09-23 23:54:11
80,Bathsheba,13.2167,-59.5167,83.01,78,20,6.91,BB,2021-09-23 23:54:11
81,Tiksi,71.6872,128.8694,38.03,72,81,23.26,RU,2021-09-23 23:54:12
82,Nelson,-41.2833,173.2833,68.81,65,61,4.0,NZ,2021-09-23 23:54:12
83,Atar,20.5169,-13.0499,91.96,18,39,5.75,MR,2021-09-23 23:54:12
84,Alihe,50.5667,123.7167,53.01,97,100,3.62,CN,2021-09-23 23:54:13
85,Severo-Kurilsk,50.6789,156.125,48.72,91,100,27.09,RU,2021-09-23 23:54:13
86,Los Llanos De Aridane,28.6585,-17.9182,67.75,87,0,5.75,ES,2021-09-23 23:54:10
87,New Norfolk,-42.7826,147.0587,54.75,67,91,11.99,AU,2021-09-23 23:54:14
88,Basco,20.4487,121.9702,83.91,75,17,16.15,PH,2021-09-23 23:54:14
89,Aspindza,41.5739,43.2483,51.53,97,100,6.93,GE,2021-09-23 23:54:14
90,Mantua,45.1667,10.7833,63.55,85,6,1.74,IT,2021-09-23 23:51:13
91,Harper,4.375,-7.7169,77.59,88,38,6.64,LR,2021-09-23 23:54:14
92,Lamar,33.6668,-95.5836,80.76,29,1,4.61,US,2021-09-23 23:54:15
93,Kudahuvadhoo,2.6708,72.8944,82.63,76,98,15.17,MV,2021-09-23 23:54:16
94,Port Alfred,-33.5906,26.891,60.93,79,66,18.95,ZA,2021-09-23 23:54:16
95,Tasiilaq,65.6145,-37.6368,22.87,59,58,4.56,GL,2021-09-23 23:54:17
96,Margate,51.3813,1.3862,61.7,89,10,1.99,GB,2021-09-23 23:54:17
97,Igarka,67.4667,86.5833,30.6,79,7,8.86,RU,2021-09-23 23:54:18
98,Rincon,32.296,-81.2354,75.16,86,0,4.12,US,2021-09-23 23:54:18
99,Santa Helena De Goias,-17.8136,-50.5969,86.79,25,13,10.13,BR,2021-09-23 23:54:18
100,Port Elizabeth,-33.918,25.5701,61.09,77,0,14.97,ZA,2021-09-23 23:54:19
101,Abu Samrah,35.3029,37.1841,67.59,70,1,20.62,SY,2021-09-23 23:54:19
102,Sao Filipe,14.8961,-24.4956,79.2,77,68,8.84,CV,2021-09-23 23:54:19
103,Mudgee,-32.5943,149.5871,64.62,94,5,1.14,AU,2021-09-23 23:54:20
104,Pisco,-13.7,-76.2167,62.65,77,0,14.97,PE,2021-09-23 23:54:20
105,Sitka,57.0531,-135.33,53.83,90,100,7.2,US,2021-09-23 23:54:12
106,Carnarvon,-24.8667,113.6333,68.07,73,0,18.41,AU,2021-09-23 23:54:21
107,Ahipara,-35.1667,173.1667,59.68,81,97,13.33,NZ,2021-09-23 23:54:21
108,Banda Aceh,5.5577,95.3222,79.32,77,63,7.76,ID,2021-09-23 23:54:21
109,Ratho,55.9216,-3.3803,58.06,86,75,16.11,GB,2021-09-23 23:54:22
110,Mayor Pablo Lagerenza,-19.9309,-60.7718,79.93,39,100,13.87,PY,2021-09-23 23:54:22
111,Torgau,51.5667,13.0,59.52,74,86,19.1,DE,2021-09-23 23:54:23
112,Qaanaaq,77.484,-69.3632,16.79,58,98,6.26,GL,2021-09-23 23:54:23
113,Kathu,7.9178,98.3332,76.82,77,92,5.41,TH,2021-09-23 23:54:23
114,Itaituba,-4.2761,-55.9836,77.18,78,77,4.05,BR,2021-09-23 23:54:24
115,Angol,-37.8,-72.7167,53.1,79,7,4.97,CL,2021-09-23 23:54:24
116,Orikhove,45.1294,33.6318,50.79,66,87,3.58,UA,2021-09-23 23:54:24
117,Tura,25.5198,90.2201,72.91,90,38,2.8,IN,2021-09-23 23:54:25
118,Maposeni,-10.5833,35.4,65.08,70,55,3.44,TZ,2021-09-23 23:54:25
119,Hilo,19.7297,-155.09,84.27,75,46,5.01,US,2021-09-23 23:53:20
120,Pembroke,45.8168,-77.1162,66.18,94,100,7.14,CA,2021-09-23 23:54:26
121,Vermillion,42.7794,-96.9292,80.76,39,7,4.52,US,2021-09-23 23:54:26
122,Athabasca,54.7169,-113.2854,56.23,28,15,13.06,CA,2021-09-23 23:54:26
123,Mrakovo,52.7161,56.6244,48.02,52,100,12.53,RU,2021-09-23 23:54:27
124,Saint Anthony,45.0205,-93.218,72.03,46,40,1.99,US,2021-09-23 23:54:27
125,Axim,4.8699,-2.2405,76.28,92,79,6.2,GH,2021-09-23 23:54:27
126,Victoria,22.2855,114.1577,85.32,84,56,17.13,HK,2021-09-23 23:53:06
127,Nouadhibou,20.931,-17.0347,69.78,88,0,14.97,MR,2021-09-23 23:54:28
128,Sturgeon Falls,46.3646,-79.9326,56.08,97,100,3.06,CA,2021-09-23 23:54:29
129,Tabuk,17.4189,121.4443,78.98,84,15,1.21,PH,2021-09-23 23:50:54
130,Reforma,18.1,-91.0167,76.86,87,92,7.63,MX,2021-09-23 23:54:29
131,Bethel,41.3712,-73.414,76.5,88,90,1.01,US,2021-09-23 23:52:03
132,Shubarkuduk,49.1447,56.4872,54.39,40,100,19.93,KZ,2021-09-23 23:54:30
133,Locri,38.2414,16.2623,69.71,80,10,5.01,IT,2021-09-23 23:54:30
134,Dikson,73.5069,80.5464,34.21,71,62,8.39,RU,2021-09-23 23:54:30
135,Ribeira Grande,38.5167,-28.7,70.32,64,90,8.7,PT,2021-09-23 23:54:31
136,Fort Abbas,29.1925,72.8536,81.5,75,2,5.03,PK,2021-09-23 23:54:31
137,Castro,-24.7911,-50.0119,52.7,83,69,8.39,BR,2021-09-23 23:54:31
138,Yellowknife,62.456,-114.3525,48.72,76,75,5.75,CA,2021-09-23 23:52:03
139,Pachino,36.7186,15.0907,73.44,73,92,5.39,IT,2021-09-23 23:54:33
140,Mar Del Plata,-38.0023,-57.5575,53.62,94,90,5.75,AR,2021-09-23 23:49:43
141,Dongsheng,39.8161,109.9776,57.42,84,100,5.75,CN,2021-09-23 23:54:34
142,Iberia,29.9502,-91.7507,75.16,65,0,4.7,US,2021-09-23 23:54:34
143,Iqaluit,63.7506,-68.5145,31.73,80,90,13.8,CA,2021-09-23 23:54:34
144,Norman Wells,65.282,-126.8329,39.24,81,75,10.36,CA,2021-09-23 23:54:35
145,Port Blair,11.6667,92.75,80.28,83,100,10.31,IN,2021-09-23 23:54:35
146,Leningradskiy,69.3833,178.4167,28.31,91,100,11.23,RU,2021-09-23 23:54:35
147,Port Lincoln,-34.7333,135.8667,55.78,62,74,16.69,AU,2021-09-23 23:54:36
148,Chokurdakh,70.6333,147.9167,34.21,85,100,4.16,RU,2021-09-23 23:54:36
149,Cabo San Lucas,22.8909,-109.9124,89.19,71,8,9.91,MX,2021-09-23 23:54:19
150,Masuguru,-11.3667,38.4167,73.36,74,82,6.17,TZ,2021-09-23 23:54:36
151,Saint-Augustin,51.226,-58.6502,47.91,88,85,4.52,CA,2021-09-23 23:54:37
152,Port Hardy,50.6996,-127.4199,53.78,82,75,5.75,CA,2021-09-23 23:54:37
153,Ivanava,52.1451,25.5365,51.24,94,100,23.47,BY,2021-09-23 23:54:43
154,Kpandu,6.9954,0.2931,75.33,88,95,3.29,GH,2021-09-23 23:54:43
155,Matara,5.9485,80.5353,77.97,89,97,9.91,LK,2021-09-23 23:54:43
156,Nkhata Bay,-11.6066,34.2907,71.06,69,51,5.21,MW,2021-09-23 23:54:44
157,Inkster,42.2942,-83.3099,53.74,94,90,10.36,US,2021-09-23 23:51:59
158,Longyearbyen,78.2186,15.6401,46.24,71,75,21.85,SJ,2021-09-23 23:54:44
159,Saldanha,-33.0117,17.9442,48.25,92,84,4.25,ZA,2021-09-23 23:54:45
160,Kavaratti,10.5669,72.642,81.46,78,93,14.58,IN,2021-09-23 23:54:45
161,Constitucion,-35.3333,-72.4167,54.95,79,49,10.09,CL,2021-09-23 23:54:45
162,Tuatapere,-46.1333,167.6833,48.81,60,67,10.67,NZ,2021-09-23 23:54:46
163,Maarianhamina,60.0973,19.9348,44.46,100,90,1.14,AX,2021-09-23 23:54:46
164,Kahului,20.8947,-156.47,83.97,78,73,11.41,US,2021-09-23 23:54:07
165,Bossangoa,6.4926,17.4552,69.6,98,100,3.06,CF,2021-09-23 23:54:47
166,Bengkulu,-3.8004,102.2655,75.99,85,95,3.91,ID,2021-09-23 23:54:47
167,Spearfish,44.4908,-103.8594,75.02,23,1,5.01,US,2021-09-23 23:52:16
168,Manaure,11.7751,-72.4445,84.92,73,100,6.69,CO,2021-09-23 23:54:48
169,Baker City,44.7749,-117.8344,74.59,33,1,11.5,US,2021-09-23 23:50:23
170,Poum,-20.2333,164.0167,70.99,66,44,9.35,NC,2021-09-23 23:54:48
171,Holme,56.1138,10.1725,54.18,80,94,22.82,DK,2021-09-23 23:54:49
172,Kingussie,57.08,-4.0523,54.55,88,85,11.81,GB,2021-09-23 23:54:49
173,Strezhevoy,60.7333,77.5889,40.98,97,100,12.12,RU,2021-09-23 23:54:49
174,Chelno-Vershiny,54.4333,51.1,47.59,79,100,18.48,RU,2021-09-23 23:54:50
175,Avarua,-21.2078,-159.775,75.25,46,40,6.91,CK,2021-09-23 23:54:50
176,Hamilton,39.1834,-84.5333,62.35,68,45,5.99,US,2021-09-23 23:51:38
177,Aktash,50.3,87.7333,20.8,75,97,2.86,RU,2021-09-23 23:54:50
178,Rawah,34.4816,41.9093,76.77,42,0,11.72,IQ,2021-09-23 23:54:51
179,Bedele,8.456,36.353,55.26,97,100,2.21,ET,2021-09-23 23:54:51
180,Gravdal,68.1214,13.5031,47.62,69,80,16.37,NO,2021-09-23 23:54:52
181,Geraldton,-28.7667,114.6,59.13,88,0,10.36,AU,2021-09-23 23:54:52
182,Cherskiy,68.75,161.3,33.17,73,73,7.49,RU,2021-09-23 23:54:52
183,Nelson Bay,-32.7167,152.15,73.29,52,2,1.99,AU,2021-09-23 23:54:53
184,Intipuca,13.1969,-88.0544,77.34,86,99,3.24,SV,2021-09-23 23:54:53
185,Vanimo,-2.6741,141.3028,77.92,88,96,4.99,PG,2021-09-23 23:54:53
186,Hovd,48.0056,91.6419,42.62,43,37,6.08,MN,2021-09-23 23:54:54
187,Portland,45.5234,-122.6762,77.5,59,67,7.0,US,2021-09-23 23:54:12
188,Deputatskiy,69.3,139.9,35.22,82,90,7.16,RU,2021-09-23 23:54:54
189,Avera,33.194,-82.5271,69.71,58,0,5.08,US,2021-09-23 23:54:55
190,Liverpool,53.4106,-2.9779,59.68,85,0,3.0,GB,2021-09-23 23:54:38
191,Lethem,3.3803,-59.7968,80.6,69,92,5.21,GY,2021-09-23 23:54:55
192,Horodyshche,49.2849,31.4451,46.69,81,100,10.56,UA,2021-09-23 23:54:55
193,Ixmiquilpan,20.4833,-99.2333,66.16,73,91,7.2,MX,2021-09-23 23:54:56
194,Cayenne,4.9333,-52.3333,83.08,81,0,3.0,GF,2021-09-23 23:54:56
195,Thompson,55.7435,-97.8558,50.16,87,90,19.57,CA,2021-09-23 23:54:57
196,Sorrento,40.626,14.3744,66.65,3,22,4.54,IT,2021-09-23 23:54:57
197,Praia Da Vitoria,38.7333,-27.0667,68.25,88,20,9.37,PT,2021-09-23 23:54:57
198,Shache,38.4167,77.2406,64.45,28,0,5.41,CN,2021-09-23 23:54:57
199,Hasaki,35.7333,140.8333,75.6,61,82,13.06,JP,2021-09-23 23:54:58
200,Kidal,18.4411,1.4078,91.24,30,89,7.0,ML,2021-09-23 23:54:58
201,Ponta Do Sol,32.6667,-17.1,70.43,63,61,5.12,PT,2021-09-23 23:54:59
202,Kiama,-34.6833,150.8667,77.25,42,2,7.29,AU,2021-09-23 23:54:59
203,Skeldon,5.8833,-57.1333,78.58,87,56,6.76,GY,2021-09-23 23:54:59
204,Katsuura,35.1333,140.3,78.91,68,79,14.05,JP,2021-09-23 23:55:00
205,San Quintin,30.4833,-115.95,73.99,68,49,12.08,MX,2021-09-23 23:55:00
206,Fatsa,41.0278,37.5014,56.5,93,100,4.97,TR,2021-09-23 23:55:00
207,Canaries,28.0,-15.5,66.16,75,20,3.0,ES,2021-09-23 23:55:01
208,Bairiki,1.3292,172.9752,80.6,83,75,9.22,KI,2021-09-23 23:55:01
209,Kiunga,-6.1219,141.2906,75.58,97,99,3.58,PG,2021-09-23 23:55:02
210,Victoria Point,-27.5833,153.3,76.24,57,0,1.99,AU,2021-09-23 23:55:02
211,Whitley Bay,55.0397,-1.4471,60.08,88,75,11.5,GB,2021-09-23 23:55:02
212,Khandyga,62.6667,135.6,45.86,60,18,1.07,RU,2021-09-23 23:55:02
213,Pochutla,15.7432,-96.4661,85.82,80,92,3.78,MX,2021-09-23 23:55:03
214,Adeje,28.1227,-16.726,70.9,68,75,6.91,ES,2021-09-23 23:55:03
215,Marsala,37.7966,12.4352,71.92,72,3,6.15,IT,2021-09-23 23:55:03
216,Tingi,-11.3,35.0333,62.8,68,55,2.59,TZ,2021-09-23 23:55:04
217,Mecca,21.4267,39.8261,86.36,42,56,4.54,SA,2021-09-23 23:55:04
218,Saint-Philippe,-21.3585,55.7679,67.55,80,35,11.81,RE,2021-09-23 23:55:05
219,Zyryanka,65.75,150.85,43.25,62,88,2.17,RU,2021-09-23 23:55:05
220,Huron,41.1501,-82.5499,54.52,88,100,16.08,US,2021-09-23 23:55:05
221,Shimoda,34.6667,138.95,75.56,72,83,8.57,JP,2021-09-23 23:55:06
222,At-Bashi,41.1702,75.8106,43.56,41,2,1.03,KG,2021-09-23 23:55:06
223,Hofn,64.2539,-15.2082,42.35,76,100,14.74,IS,2021-09-23 23:55:07
224,Nemuro,43.3236,145.575,55.83,83,100,19.8,JP,2021-09-23 23:55:07
225,Nanortalik,60.1432,-45.2371,35.94,76,29,18.37,GL,2021-09-23 23:55:07
226,Campo Maior,-4.8278,-42.1686,82.09,62,100,11.14,BR,2021-09-23 23:55:08
227,Araouane,18.9048,-3.5265,94.06,17,9,7.92,ML,2021-09-23 23:55:08
228,Bayonet Point,28.3267,-82.6834,83.34,81,12,5.01,US,2021-09-23 23:55:08
229,Ohara,35.25,140.3833,78.75,67,75,14.03,JP,2021-09-23 23:55:08
230,Lyndon,38.2567,-85.6016,63.14,66,4,4.81,US,2021-09-23 23:55:09
231,Vardo,70.3705,31.1107,46.02,80,33,21.25,NO,2021-09-23 23:55:09
232,Kamenka,51.3223,42.7678,43.75,78,72,1.86,RU,2021-09-23 23:55:09
233,Lata,40.1629,-8.3327,63.81,87,80,4.56,PT,2021-09-23 23:55:10
234,Azul,-36.777,-59.8585,52.7,85,94,4.05,AR,2021-09-23 23:55:10
235,Ketchikan,55.3422,-131.6461,53.58,96,100,12.3,US,2021-09-23 23:55:11
236,Altar,30.7,-111.8167,85.6,51,20,19.89,MX,2021-09-23 23:55:11
237,Kangaba,11.9333,-8.4167,73.13,78,64,2.42,ML,2021-09-23 23:55:11
238,Rokytnice Nad Jizerou,50.7256,15.4336,57.25,83,100,12.75,CZ,2021-09-23 23:55:12
239,Sisimiut,66.9395,-53.6735,28.15,87,99,3.69,GL,2021-09-23 23:55:13
240,Forestville,38.8451,-76.875,68.67,70,90,1.99,US,2021-09-23 23:55:13
241,Dingle,10.9995,122.6711,81.77,82,86,5.86,PH,2021-09-23 23:55:14
242,Dois Corregos,-22.3661,-48.3803,70.95,70,17,14.05,BR,2021-09-23 23:55:14
243,Talara,-4.5772,-81.2719,65.07,88,33,11.56,PE,2021-09-23 23:55:14
244,Jinchang,38.4953,102.1739,66.52,43,100,10.92,CN,2021-09-23 23:55:15
245,Bambous Virieux,-20.3428,57.7575,72.21,83,75,11.5,MU,2021-09-23 23:55:15
246,Jatai,-17.8814,-51.7144,82.09,26,4,8.84,BR,2021-09-23 23:55:15
247,Torbay,47.6666,-52.7314,57.97,90,40,4.61,CA,2021-09-23 23:55:16
248,Chuy,-33.6971,-53.4616,55.02,95,92,5.68,UY,2021-09-23 23:55:16
249,Roma,43.2128,-75.4557,70.52,96,90,6.91,US,2021-09-23 23:55:16
250,Isangel,-19.55,169.2667,77.11,69,75,5.75,VU,2021-09-23 23:55:17
251,Superior,46.7208,-92.1041,68.47,63,1,4.61,US,2021-09-23 23:50:36
252,Plettenberg Bay,-34.0527,23.3716,58.62,81,100,6.51,ZA,2021-09-23 23:55:17
253,Richards Bay,-28.783,32.0377,64.44,75,2,16.93,ZA,2021-09-23 23:55:17
254,Bacolod,10.6667,122.95,82.72,79,94,8.03,PH,2021-09-23 23:55:18
255,Zharkent,44.1628,80.0,55.45,40,95,1.32,KZ,2021-09-23 23:55:18
256,Atasu,48.6814,71.6433,37.49,67,7,11.97,KZ,2021-09-23 23:55:18
257,Praia,14.9215,-23.5087,79.34,78,20,11.5,CV,2021-09-23 23:54:08
258,Yongan,39.6957,113.6871,59.94,86,99,5.21,CN,2021-09-23 23:55:19
259,Chernyshevskiy,63.0128,112.4714,37.51,88,100,2.59,RU,2021-09-23 23:55:19
260,Luderitz,-26.6481,15.1594,59.14,60,38,10.11,NA,2021-09-23 23:55:20
261,Iranshahr,27.2025,60.6848,84.43,36,37,1.12,IR,2021-09-23 23:55:20
262,Tianpeng,30.9866,103.9393,73.87,91,59,4.9,CN,2021-09-23 23:55:21
263,Jacareacanga,-6.2222,-57.7528,72.73,88,97,2.28,BR,2021-09-23 23:55:21
264,Salina,38.8403,-97.6114,82.26,36,0,5.01,US,2021-09-23 23:55:22
265,Tabou,4.423,-7.3528,77.2,89,28,5.95,CI,2021-09-23 23:55:22
266,Naberera,-4.2,36.9333,57.78,86,54,6.2,TZ,2021-09-23 23:55:22
267,Vao,-22.6667,167.4833,67.82,62,48,16.17,NC,2021-09-23 23:55:22
268,Aykhal,66.0,111.5,35.24,83,98,3.98,RU,2021-09-23 23:55:23
269,Tilichiki,60.4667,166.1,46.76,66,84,8.32,RU,2021-09-23 23:55:23
270,Carmen,18.6333,-91.8333,82.24,72,86,10.11,MX,2021-09-23 23:51:31
271,Clyde River,70.4692,-68.5914,30.43,86,75,14.97,CA,2021-09-23 23:55:23
272,Santa Teresa,10.2341,-66.6631,81.52,96,76,1.54,VE,2021-09-23 23:55:24
273,Manzanillo,20.3433,-77.1167,80.1,81,11,5.64,CU,2021-09-23 23:55:24
274,Dunedin,-45.8742,170.5036,59.81,43,1,12.03,NZ,2021-09-23 23:54:05
275,Ambon,-3.6954,128.1814,77.14,100,75,2.3,ID,2021-09-23 23:55:24
276,San Cristobal,7.7669,-72.225,77.18,98,100,3.58,VE,2021-09-23 23:55:25
277,Havoysund,70.9963,24.6622,45.48,74,95,23.31,NO,2021-09-23 23:55:25
278,Boone,39.0334,-92.3335,71.85,48,0,4.88,US,2021-09-23 23:55:26
279,Ust-Kuyga,70.0167,135.6,39.99,73,49,6.87,RU,2021-09-23 23:55:26
280,Korla,41.7597,86.1469,65.1,27,4,8.59,CN,2021-09-23 23:55:26
281,Pangnirtung,66.1451,-65.7125,31.44,58,76,6.06,CA,2021-09-23 23:55:27
282,Vila Franca Do Campo,37.7167,-25.4333,66.61,77,35,6.93,PT,2021-09-23 23:55:27
283,Magadan,59.5667,150.8,49.6,67,2,1.19,RU,2021-09-23 23:55:27
284,Bilibino,68.0546,166.4372,27.21,82,88,2.37,RU,2021-09-23 23:55:27
285,Lavrentiya,65.5833,-171.0,33.17,67,96,4.12,RU,2021-09-23 23:55:28
286,Berlevag,70.8578,29.0864,42.24,84,47,18.86,NO,2021-09-23 23:55:29
287,Gidole,5.65,37.3667,59.4,66,52,3.62,ET,2021-09-23 23:55:29
288,Vryburg,-26.9566,24.7284,60.85,40,0,11.36,ZA,2021-09-23 23:55:30
289,Statesville,35.7826,-80.8873,65.64,52,1,4.61,US,2021-09-23 23:55:30
290,Esperance,-33.8667,121.9,53.44,54,90,9.69,AU,2021-09-23 23:55:31
291,Yulara,-25.2406,130.9889,62.44,22,19,5.75,AU,2021-09-23 23:55:31
292,Verkhoturye,58.8627,60.8054,35.55,93,15,4.83,RU,2021-09-23 23:55:31
293,Sinnamary,5.3833,-52.95,80.26,82,33,11.43,GF,2021-09-23 23:55:32
294,Businga,3.3333,20.8833,66.74,97,90,2.39,CD,2021-09-23 23:55:32
295,Kaitangata,-46.2817,169.8464,54.97,49,20,12.48,NZ,2021-09-23 23:55:32
296,Alice Springs,-23.7,133.8833,65.75,18,0,0.0,AU,2021-09-23 23:55:33
297,Chaman,30.9236,66.4512,70.43,35,0,5.03,PK,2021-09-23 23:55:33
298,Hit,33.6416,42.8251,82.15,30,0,15.28,IQ,2021-09-23 23:55:33
299,Half Moon Bay,37.4636,-122.4286,96.4,63,40,20.71,US,2021-09-23 23:55:34
300,Provideniya,64.3833,-173.3,32.11,86,90,13.42,RU,2021-09-23 23:55:34
301,Grindavik,63.8424,-22.4338,41.47,87,40,16.11,IS,2021-09-23 23:55:34
302,Shaowu,27.3409,117.4831,77.09,88,10,2.64,CN,2021-09-23 23:55:35
303,Comodoro Rivadavia,-45.8667,-67.5,64.26,32,0,17.27,AR,2021-09-23 23:51:56
304,Luganville,-15.5333,167.1667,79.43,83,66,12.91,VU,2021-09-23 23:52:22
305,Fortuna,40.5982,-124.1573,74.32,58,1,5.01,US,2021-09-23 23:55:35
306,Codrington,-38.2667,141.9667,51.57,75,81,19.22,AU,2021-09-23 23:55:35
307,Haines Junction,60.7522,-137.5108,40.95,81,100,3.44,CA,2021-09-23 23:55:36
308,Namibe,-15.1961,12.1522,65.62,94,40,5.32,AO,2021-09-23 23:55:36
309,Ojinaga,29.5667,-104.4167,92.57,18,1,5.75,MX,2021-09-23 23:55:37
310,Mayskiy,47.6931,40.1025,51.21,88,100,3.38,RU,2021-09-23 23:55:37
311,Oda,35.1833,132.5,65.17,69,68,2.95,JP,2021-09-23 23:55:37
312,Jalu,29.0331,21.5482,76.77,58,3,15.26,LY,2021-09-23 23:55:37
313,Kieta,-6.2167,155.6333,84.06,67,100,3.27,PG,2021-09-23 23:55:38
314,Nyurba,63.2842,118.3319,41.07,72,100,3.02,RU,2021-09-23 23:55:38
315,Chilca,-12.5211,-76.7372,66.61,86,49,4.61,PE,2021-09-23 23:55:39
316,Siilinjarvi,63.0833,27.6667,44.62,76,90,12.66,FI,2021-09-23 23:55:39
317,Sanmenxia,34.7747,111.1814,69.69,93,100,7.14,CN,2021-09-23 23:55:39
318,Xian,34.2583,108.9286,67.01,92,92,4.16,CN,2021-09-23 23:55:40
319,Tarnogskiy Gorodok,60.4997,43.5761,47.05,93,100,8.81,RU,2021-09-23 23:55:41
320,Jijiga,9.35,42.8,63.37,79,16,5.84,ET,2021-09-23 23:55:41
321,Guarapari,-20.6667,-40.4975,67.89,73,34,7.16,BR,2021-09-23 23:55:41
322,Caravelas,-17.7125,-39.2481,70.52,69,30,10.33,BR,2021-09-23 23:55:42
323,Lagoa,39.05,-27.9833,69.1,63,96,11.7,PT,2021-09-23 23:55:42
324,Charlestown,-32.95,151.6667,75.11,50,2,1.99,AU,2021-09-23 23:55:42
325,Palu,-0.8917,119.8707,81.95,76,55,1.88,ID,2021-09-23 23:55:42
326,Burnie,-41.0667,145.9167,50.07,76,75,20.56,AU,2021-09-23 23:55:43
327,Airai,-8.9266,125.4092,70.75,36,92,2.53,TL,2021-09-23 23:55:43
328,Qurayyat,31.3318,37.3428,68.18,60,0,6.91,SA,2021-09-23 23:55:43
329,Buchanan,5.8808,-10.0467,77.77,86,99,5.88,LR,2021-09-23 23:55:44
330,Mount Gambier,-37.8333,140.7667,53.51,82,75,19.57,AU,2021-09-23 23:55:44
331,Alta Floresta,-9.8756,-56.0861,84.34,41,80,3.62,BR,2021-09-23 23:55:44
332,Salalah,17.0151,54.0924,80.04,86,75,4.54,OM,2021-09-23 23:55:45
333,Northam,51.0333,-4.2167,58.66,93,90,3.98,GB,2021-09-23 23:55:45
334,Zapolyarnyy,69.4154,30.8136,40.28,80,57,16.33,RU,2021-09-23 23:55:46
335,Kourou,5.1552,-52.6478,83.1,82,52,9.01,GF,2021-09-23 23:55:46
336,Mandal,25.45,74.5667,75.34,90,100,1.07,IN,2021-09-23 23:55:46
337,Atambua,-9.1061,124.8925,81.0,42,92,2.55,ID,2021-09-23 23:55:47
338,Pierre,44.3683,-100.351,80.85,33,58,1.99,US,2021-09-23 23:55:47
339,Miramar,25.9873,-80.2323,83.05,87,75,0.0,US,2021-09-23 23:55:47
340,Lakatoro,-16.0999,167.4164,79.03,80,59,14.43,VU,2021-09-23 23:55:48
341,Shenjiamen,29.9576,122.298,77.86,73,18,8.9,CN,2021-09-23 23:55:49
342,Coahuayana,18.7333,-103.6833,84.0,82,43,3.09,MX,2021-09-23 23:55:49
343,Kursk,51.7303,36.1939,44.8,93,100,4.47,RU,2021-09-23 23:55:49
344,Tarakan,3.3,117.6333,79.0,83,81,5.73,ID,2021-09-23 23:55:50
345,Marysville,48.0518,-122.1771,71.85,69,1,1.01,US,2021-09-23 23:54:35
346,Sanary-Sur-Mer,43.1178,5.8001,69.89,55,3,2.55,FR,2021-09-23 23:55:50
347,Grand-Santi,4.25,-54.3833,77.29,68,77,3.0,GF,2021-09-23 23:55:51
348,Kristinehamn,59.3098,14.1081,50.5,61,16,16.53,SE,2021-09-23 23:55:51
349,Ranau,5.9538,116.6641,72.25,89,68,0.67,MY,2021-09-23 23:54:55
350,Znamenskoye,57.1281,73.8282,37.63,92,99,7.05,RU,2021-09-23 23:55:52
351,Suntar,62.1444,117.6319,40.91,88,100,3.38,RU,2021-09-23 23:55:52
352,Aklavik,68.2191,-135.0107,36.43,78,97,5.08,CA,2021-09-23 23:55:53
353,Santa Maria,-29.6842,-53.8069,58.3,94,75,2.3,BR,2021-09-23 23:55:54
354,Sulangan,11.1373,123.7228,82.98,78,100,11.43,PH,2021-09-23 23:55:54
355,Maldonado,-34.6667,-54.9167,55.22,96,52,3.44,UY,2021-09-23 23:52:05
356,Kokkola,63.8385,23.1307,46.92,83,100,11.5,FI,2021-09-23 23:55:55
357,Talnakh,69.4865,88.3972,32.52,79,7,7.0,RU,2021-09-23 23:55:55
358,Hayden,47.766,-116.7866,74.52,41,1,9.22,US,2021-09-23 23:51:03
359,Vysokogornyy,50.1167,139.15,49.05,60,42,4.25,RU,2021-09-23 23:55:55
360,Maner,25.65,84.8833,76.91,92,42,6.38,IN,2021-09-23 23:55:56
361,Shieli,44.1667,66.75,57.61,21,39,17.36,KZ,2021-09-23 23:55:56
362,Klaksvik,62.2266,-6.589,52.72,93,100,22.7,FO,2021-09-23 23:55:57
363,Chara,56.9064,118.2631,37.35,92,97,1.66,RU,2021-09-23 23:55:57
364,Nishihara,26.1842,127.7558,83.48,65,20,11.5,JP,2021-09-23 23:55:57
365,Sabang,5.8933,95.3214,81.99,76,44,10.8,ID,2021-09-23 23:55:58
366,Vila Velha,-20.3297,-40.2925,67.95,77,75,10.36,BR,2021-09-23 23:55:57
367,Lae,-6.7221,146.9847,81.46,75,100,0.11,PG,2021-09-23 23:55:59
368,Nushki,29.5542,66.0215,73.27,37,0,3.69,PK,2021-09-23 23:55:59
369,Rocha,-34.4833,-54.3333,51.22,96,72,1.61,UY,2021-09-23 23:56:00
370,Maputo,-25.9653,32.5892,62.28,83,0,1.99,MZ,2021-09-23 23:56:00
371,Lasa,46.6166,10.7002,50.02,44,6,5.12,IT,2021-09-23 23:56:00
372,Shanghai,31.2222,121.4581,78.67,82,0,11.18,CN,2021-09-23 23:55:59
373,Hurghada,27.2574,33.8129,86.04,28,0,11.5,EG,2021-09-23 23:56:01
374,Sao Joao Da Barra,-21.6403,-41.0511,66.92,67,70,9.71,BR,2021-09-23 23:56:01
375,Ferme-Neuve,46.7001,-75.4493,67.78,94,100,10.16,CA,2021-09-23 23:56:01
376,Kabelvag,68.2114,14.4817,48.52,76,100,13.38,NO,2021-09-23 23:56:02
377,San Policarpo,12.1791,125.5072,83.12,82,24,6.13,PH,2021-09-23 23:56:02
378,Miles City,46.4083,-105.8406,71.51,28,70,11.05,US,2021-09-23 23:56:02
379,Waddan,29.1614,16.139,77.38,58,1,6.17,LY,2021-09-23 23:56:03
380,Callaguip,18.0714,120.4867,78.82,94,20,4.61,PH,2021-09-23 23:56:03
381,Whittlesea,-32.1759,26.8244,53.89,34,49,5.61,ZA,2021-09-23 23:56:03
382,Orange,33.7,-117.7675,96.62,61,1,3.0,US,2021-09-23 23:51:45
383,Bangsund,64.3968,11.3949,45.21,81,80,9.46,NO,2021-09-23 23:56:04
384,Mayumba,-3.432,10.6554,75.4,86,58,4.29,GA,2021-09-23 23:56:04
385,Mandurah,-32.55,115.7,57.9,67,0,15.66,AU,2021-09-23 23:52:10
386,Biloela,-24.4167,150.5,73.0,43,0,2.66,AU,2021-09-23 23:56:05
387,Pimentel,-6.8367,-79.9342,64.69,72,0,17.27,PE,2021-09-23 23:56:05
388,Nevers,46.9167,3.3333,50.59,90,3,1.32,FR,2021-09-23 23:56:05
389,Bambanglipuro,-7.95,110.2833,77.59,88,100,3.67,ID,2021-09-23 23:56:05
390,Meulaboh,4.1363,96.1285,77.0,88,66,4.05,ID,2021-09-23 23:56:06
391,General Roca,-39.0333,-67.5833,68.4,23,20,4.23,AR,2021-09-23 23:56:06
392,Husavik,66.0449,-17.3389,37.31,94,100,23.71,IS,2021-09-23 23:56:07
393,Saint-Paul,-21.0096,55.2707,68.09,70,1,1.3,RE,2021-09-23 23:54:25
394,Senanga,-16.1167,23.2667,67.32,36,5,6.02,ZM,2021-09-23 23:56:07
395,Tera,14.0078,0.7531,85.73,52,55,11.77,NE,2021-09-23 23:56:07
396,Surt,31.2089,16.5887,77.52,74,36,14.67,LY,2021-09-23 23:56:08
397,Samarai,-10.6167,150.6667,78.01,87,96,15.14,PG,2021-09-23 23:56:08
398,Komsomolskiy,40.4272,71.7189,61.52,44,0,6.91,UZ,2021-09-23 23:56:08
399,Syracuse,37.0881,15.2792,73.45,73,97,8.28,IT,2021-09-23 23:56:09
400,Leshukonskoye,64.8989,45.7622,38.32,96,27,5.32,RU,2021-09-23 23:56:09
401,Toccoa,34.5773,-83.3324,66.85,62,1,0.0,US,2021-09-23 23:56:09
402,Princeton,25.5384,-80.4089,82.98,84,69,5.01,US,2021-09-23 23:56:10
403,Waspan,14.7419,-83.9717,83.88,89,60,4.9,NI,2021-09-23 23:56:10
404,Farafangana,-22.8167,47.8333,67.57,83,100,4.5,MG,2021-09-23 23:56:10
405,Byron Bay,-28.65,153.6167,76.71,38,3,9.22,AU,2021-09-23 23:55:17
406,Aguimes,27.9054,-15.4461,70.43,71,20,9.22,ES,2021-09-23 23:56:11
407,Ahuimanu,21.4447,-157.8378,83.86,69,20,12.66,US,2021-09-23 23:56:11
408,Ostrovnoy,68.0531,39.5131,43.77,85,49,15.23,RU,2021-09-23 23:56:11
409,Bulaevo,54.9056,70.4439,40.33,65,100,5.3,KZ,2021-09-23 23:56:12
410,Barcelos,41.5388,-8.6151,66.92,82,100,5.3,PT,2021-09-23 23:56:12
411,Anjozorobe,-18.4,47.8667,55.72,80,71,7.72,MG,2021-09-23 23:56:13
412,Vestmannaeyjar,63.4427,-20.2734,46.06,92,99,18.14,IS,2021-09-23 23:56:14
413,Arman,59.7,150.1667,51.31,61,3,1.28,RU,2021-09-23 23:56:14
414,Annamalainagar,11.4,79.7333,79.97,74,87,7.78,IN,2021-09-23 23:56:14
415,Vung Tau,10.346,107.0843,80.4,81,96,7.58,VN,2021-09-23 23:56:15
416,Koungheul,13.9833,-14.8,77.81,88,99,5.28,SN,2021-09-23 23:56:15
417,Hambantota,6.1241,81.1185,79.66,82,100,14.43,LK,2021-09-23 23:56:15
418,Mujiayingzi,42.1167,118.7833,60.82,84,100,2.48,CN,2021-09-23 23:56:16
419,Diffa,13.3154,12.6113,80.33,61,39,7.65,NE,2021-09-23 23:56:16
420,Oistins,13.0667,-59.5333,82.49,78,20,6.91,BB,2021-09-23 23:56:17
421,Sibolga,1.7427,98.7792,77.29,78,79,3.02,ID,2021-09-23 23:56:17
422,Sovetskiy,61.3614,63.5842,41.29,84,100,2.33,RU,2021-09-23 23:56:17
423,Flinders,-34.5833,150.8552,77.05,49,2,5.01,AU,2021-09-23 23:56:17
424,Udachnyy,66.4167,112.4,36.48,79,80,3.67,RU,2021-09-23 23:56:18
425,Boa Vista,2.8197,-60.6733,85.98,62,20,4.61,BR,2021-09-23 23:54:08
426,Teya,60.3778,92.6267,31.69,94,100,5.84,RU,2021-09-23 23:56:18
427,Davila,18.4726,120.5763,78.78,72,14,11.14,PH,2021-09-23 23:56:19
428,Demirci,39.0461,28.6589,44.02,87,27,5.23,TR,2021-09-23 23:56:19
429,Srednekolymsk,67.45,153.6833,38.08,75,98,5.23,RU,2021-09-23 23:56:19
430,Charters Towers,-20.1,146.2667,74.3,37,2,13.29,AU,2021-09-23 23:56:20
431,Abha,18.2164,42.5053,64.65,68,20,4.61,SA,2021-09-23 23:51:55
432,San Buenaventura,27.0833,-101.5333,81.12,50,2,9.37,MX,2021-09-23 23:56:20
433,Acarau,-2.8856,-40.12,79.05,81,86,15.75,BR,2021-09-23 23:56:20
434,Kattivakkam,13.2167,80.3167,82.49,75,88,8.23,IN,2021-09-23 23:56:21
435,Onguday,50.75,86.15,32.86,95,100,0.98,RU,2021-09-23 23:56:21
436,Drexel Heights,32.1412,-111.0284,86.02,32,1,4.0,US,2021-09-23 23:56:21
437,Grand Gaube,-20.0064,57.6608,72.37,75,72,8.99,MU,2021-09-23 23:56:22
438,Kununurra,-15.7667,128.7333,75.18,25,52,4.61,AU,2021-09-23 23:56:22
439,Kaseda,31.4167,130.3167,70.83,71,2,2.46,JP,2021-09-23 23:56:23
440,Ixil,21.15,-89.4833,83.05,77,94,6.08,MX,2021-09-23 23:56:23
441,Faanui,-16.4833,-151.75,78.4,69,14,12.88,PF,2021-09-23 23:56:23
442,Souillac,-20.5167,57.5167,72.36,83,75,11.5,MU,2021-09-23 23:56:24
443,Chase,50.8165,-119.6857,73.2,38,58,1.74,CA,2021-09-23 23:56:24
444,Jiayuguan,39.8167,98.3,61.09,33,38,1.7,CN,2021-09-23 23:56:25
445,Pemangkat,1.1667,108.9667,78.87,85,90,5.66,ID,2021-09-23 23:56:25
446,Kantunilkin,21.0917,-87.45,75.24,96,100,2.53,MX,2021-09-23 23:56:25
447,Coihaique,-45.5752,-72.0662,51.75,71,75,0.0,CL,2021-09-23 23:56:25
448,Saint-Leu,-21.15,55.2833,67.03,67,4,3.76,RE,2021-09-23 23:56:26
449,Ixtapa,20.7,-105.2,88.23,82,21,3.0,MX,2021-09-23 23:56:26
450,Vytegra,61.0064,36.4481,47.03,93,100,10.71,RU,2021-09-23 23:56:26
451,Erdenet,49.0333,104.0833,38.61,78,86,2.46,MN,2021-09-23 23:56:27
452,Guangyuan,32.442,105.823,70.14,97,93,1.34,CN,2021-09-23 23:56:28
453,Olden,61.8364,6.8064,47.91,95,98,3.2,NO,2021-09-23 23:56:28
454,Vasai,19.47,72.8,80.69,84,92,3.87,IN,2021-09-23 23:56:30
455,Aqtobe,50.2797,57.2072,48.29,46,20,17.9,KZ,2021-09-23 23:56:30
456,Mahon,39.8885,4.2658,75.76,83,75,16.11,ES,2021-09-23 23:56:30
457,Amapa,1.0,-52.0,75.88,73,96,4.68,BR,2021-09-23 23:56:31
458,Chichli,22.8333,78.8167,74.73,94,98,3.53,IN,2021-09-23 23:56:31
459,Salair,54.2312,85.7972,35.55,99,100,2.42,RU,2021-09-23 23:56:31
460,Acajutla,13.5928,-89.8275,81.43,76,67,1.5,SV,2021-09-23 23:56:32
461,Rudnogorsk,57.2639,103.7519,37.15,92,99,4.36,RU,2021-09-23 23:56:32
462,Coquimbo,-29.9533,-71.3436,56.93,82,0,10.36,CL,2021-09-23 23:56:33
463,Liepaja,56.5419,21.0367,51.78,87,90,8.05,LV,2021-09-23 23:56:33
464,College,64.8569,-147.8028,43.29,47,90,10.36,US,2021-09-23 23:56:33
465,Saryg-Sep,51.5,95.6,38.34,64,100,1.48,RU,2021-09-23 23:56:34
466,Sorland,67.667,12.6934,48.94,67,50,19.37,NO,2021-09-23 23:56:34
467,Along,28.1667,94.7667,72.61,95,98,1.72,IN,2021-09-23 23:56:34
468,Kovur,14.4833,79.9833,82.33,65,90,6.26,IN,2021-09-23 23:56:35
469,Kalabo,-14.97,22.6814,66.72,30,8,5.68,ZM,2021-09-23 23:56:35
470,Taoudenni,22.6783,-3.9836,93.74,9,0,2.98,ML,2021-09-23 23:56:35
471,The Valley,18.217,-63.0578,84.34,79,20,5.75,AI,2021-09-23 23:56:36
472,Gasa,31.5,34.4667,78.78,71,1,10.07,PS,2021-09-23 23:56:36
473,Walvis Bay,-22.9575,14.5053,56.08,100,1,8.05,NA,2021-09-23 23:56:36
474,Pokhara,28.2333,83.9833,69.98,89,97,1.63,NP,2021-09-23 23:56:37
475,Vanavara,60.34,102.2797,28.13,87,37,1.43,RU,2021-09-23 23:56:37
476,Udarnyy,54.3409,42.8611,43.66,94,91,4.38,RU,2021-09-23 23:56:38
477,Aksu,41.1231,80.2644,63.93,35,0,1.99,CN,2021-09-23 23:56:38
478,Camacha,33.0833,-16.3333,67.42,68,40,8.05,PT,2021-09-23 23:56:39
479,Taft,31.7471,54.2088,71.55,16,0,2.3,IR,2021-09-23 23:56:39
480,Uwajima,33.2238,132.56,69.76,62,17,5.37,JP,2021-09-23 23:56:39
481,Gizeh,30.0081,31.2109,77.74,70,0,11.25,EG,2021-09-23 23:56:41
482,Santa Isabel,-23.3156,-46.2214,58.78,95,26,2.82,BR,2021-09-23 23:56:41
483,Pilot Butte,50.4668,-104.4178,60.53,28,75,17.27,CA,2021-09-23 23:56:42
484,Mirnyy,62.5353,113.9611,38.77,85,100,2.1,RU,2021-09-23 23:56:42
485,Kyshtovka,56.555,76.6271,35.26,95,100,10.38,RU,2021-09-23 23:56:43
486,Abu Zabad,12.35,29.25,78.73,68,77,7.83,SD,2021-09-23 23:56:43
487,Mvuma,-19.2792,30.5283,52.12,62,0,5.06,ZW,2021-09-23 23:56:43
488,Weligama,5.9667,80.4167,78.26,88,95,10.6,LK,2021-09-23 23:56:44
489,Kapuskasing,49.4169,-82.4331,50.09,62,90,6.91,CA,2021-09-23 23:56:44
490,Baiao,-2.7906,-49.6717,80.67,69,96,4.61,BR,2021-09-23 23:56:44
491,Rio Grande,-32.035,-52.0986,57.94,89,100,7.78,BR,2021-09-23 23:56:45
492,Kirakira,-10.4544,161.9205,84.13,71,49,8.72,SB,2021-09-23 23:56:45
493,Nioro,13.35,-15.75,76.96,95,96,5.06,GM,2021-09-23 23:56:46
494,Natal,-5.795,-35.2094,79.45,83,20,11.5,BR,2021-09-23 23:54:27
495,Dwarka,22.2394,68.9678,80.42,84,64,11.07,IN,2021-09-23 23:56:46
496,Istanbul,41.0351,28.9833,59.07,77,75,2.3,TR,2021-09-23 23:54:24
497,Bandarbeyla,9.4942,50.8122,78.06,81,56,22.75,SO,2021-09-23 23:56:47
498,Bilma,18.6853,12.9164,85.82,13,3,3.91,NE,2021-09-23 23:56:47
499,Kajaani,64.2273,27.7285,42.85,93,90,10.36,FI,2021-09-23 23:56:47
500,Katherine,-14.4667,132.2667,79.12,44,0,8.05,AU,2021-09-23 23:56:48
501,Ures,29.4333,-110.4,89.28,46,52,2.62,MX,2021-09-23 23:56:48
502,Shugurovo,54.5083,52.1326,50.41,64,100,17.76,RU,2021-09-23 23:56:48
503,Sioux Lookout,50.1001,-91.917,70.18,40,20,10.36,CA,2021-09-23 23:56:49
504,Vaitape,-16.5167,-151.75,78.37,69,14,13.11,PF,2021-09-23 23:56:49
505,Svirstroy,60.7999,33.7248,47.43,95,100,9.35,RU,2021-09-23 23:56:50
506,Kimbe,-5.5502,150.1429,87.48,60,97,1.39,PG,2021-09-23 23:56:50
507,Morondava,-20.2833,44.2833,74.05,81,0,4.0,MG,2021-09-23 23:56:50
508,Touros,-5.1989,-35.4608,79.7,77,72,14.43,BR,2021-09-23 23:56:50
509,Cairo,30.0626,31.2497,77.76,73,40,12.66,EG,2021-09-23 23:52:57
510,Clarence Town,-32.5833,151.7833,75.06,37,2,11.39,AU,2021-09-23 23:56:51
511,Ler,8.3018,30.1418,70.45,92,100,2.15,SS,2021-09-23 23:56:51
512,Yaan,7.3833,8.5667,72.41,97,95,3.13,NG,2021-09-23 23:56:52
513,Biltine,14.5333,20.9167,85.46,37,4,2.26,TD,2021-09-23 23:56:52
514,Swellendam,-34.0226,20.4417,52.18,90,94,1.59,ZA,2021-09-23 23:56:52
515,Koping,59.514,15.9926,50.45,71,93,15.64,SE,2021-09-23 23:56:53
516,Mount Darwin,-16.7725,31.5838,56.88,90,1,4.05,ZW,2021-09-23 23:56:53
517,Kuusankoski,60.907,26.6244,45.12,81,75,16.11,FI,2021-09-23 23:56:53
518,Eureka,40.8021,-124.1637,74.59,66,90,1.99,US,2021-09-23 23:56:54
519,Kaabong,3.4836,34.1492,67.41,57,58,11.81,UG,2021-09-23 23:56:54
520,Gat,31.61,34.7642,77.68,100,4,7.25,IL,2021-09-23 23:56:55
521,Nador,35.174,-2.9287,71.85,94,75,0.0,MA,2021-09-23 23:56:55
522,Karratha,-20.7377,116.8463,77.65,36,21,7.58,AU,2021-09-23 23:56:55
523,Cilegon,-6.0174,106.0538,78.69,83,100,5.86,ID,2021-09-23 23:56:56
524,Tolaga Bay,-38.3667,178.3,65.71,52,1,5.46,NZ,2021-09-23 23:56:56
525,Yar-Sale,66.8333,70.8333,38.77,85,100,9.95,RU,2021-09-23 23:56:56
526,Trofors,65.5333,13.4063,45.75,79,99,3.42,NO,2021-09-23 23:56:57
527,Henties Bay,-22.116,14.2845,55.85,87,0,6.71,NA,2021-09-23 23:56:58
528,Elko,41.0002,-115.5012,75.22,14,69,7.0,US,2021-09-23 23:54:12
529,Okhotsk,59.3833,143.3,53.35,55,13,6.11,RU,2021-09-23 23:56:58
530,Adrian,41.8975,-84.0372,53.62,85,90,4.0,US,2021-09-23 23:53:53
531,Whitehorse,60.7161,-135.0538,46.02,70,75,18.41,CA,2021-09-23 23:56:59
532,Niquelandia,-14.4739,-48.4597,91.08,19,81,2.21,BR,2021-09-23 23:56:59
533,Okakarara,-20.5833,17.4333,68.58,14,0,6.8,NA,2021-09-23 23:56:59
534,Luau,-10.7073,22.2247,69.67,28,47,2.82,AO,2021-09-23 23:57:00
535,Balakovo,52.0278,47.8007,52.61,83,100,3.49,RU,2021-09-23 23:57:00
536,Victor Harbor,-35.5667,138.6167,60.46,74,27,3.0,AU,2021-09-23 23:57:00
537,Pleszew,51.8964,17.7855,55.47,67,100,23.49,PL,2021-09-23 23:57:01
538,Pesqueira,-8.3578,-36.6964,69.01,87,88,14.41,BR,2021-09-23 23:57:01
539,Whitianga,-36.8333,175.7,62.02,66,57,15.9,NZ,2021-09-23 23:52:56
540,Ouadda,8.0777,22.4007,68.32,95,59,3.58,CF,2021-09-23 23:57:01
541,Benguela,-12.5763,13.4055,72.3,83,99,3.87,AO,2021-09-23 23:57:02
542,Inongo,-1.95,18.2667,69.42,85,100,1.03,CD,2021-09-23 23:57:02
543,Brae,60.3964,-1.353,49.91,93,100,26.04,GB,2021-09-23 23:57:03
544,Bouca,6.5105,18.2733,69.67,97,99,1.61,CF,2021-09-23 23:57:03
545,Luanda,-8.8368,13.2343,72.63,85,95,10.4,AO,2021-09-23 23:53:02
546,Dhidhdhoo,6.8833,73.1,82.4,77,63,15.84,MV,2021-09-23 23:57:04
547,Sulmona,42.0479,13.9291,60.91,60,42,4.59,IT,2021-09-23 23:57:04
548,Karpathos,35.507,27.2132,67.96,56,0,28.77,GR,2021-09-23 23:57:04
549,Darnah,32.767,22.6367,72.79,66,28,16.98,LY,2021-09-23 23:57:05
550,Inta,66.0317,60.1659,36.54,91,100,5.35,RU,2021-09-23 23:57:05
551,Hami,42.8,93.45,63.66,21,15,2.93,CN,2021-09-23 23:57:06
552,Paamiut,61.994,-49.6678,32.49,72,8,18.34,GL,2021-09-23 23:57:06
553,Umm Lajj,25.0213,37.2685,82.78,60,2,9.1,SA,2021-09-23 23:57:08
554,Kopavogur,64.1123,-21.913,41.85,81,20,10.36,IS,2021-09-23 23:57:08
555,Toora-Khem,52.4675,96.11,34.61,89,100,2.33,RU,2021-09-23 23:57:10
